seed,model,instance,load_factor,makespan,runtime
8,SavedNetwork/20_20_1_99.pth,abz5.txt,1,1423.0,4.571717977523804
9,SavedNetwork/20_20_1_99.pth,abz5.txt,1,1383.0,4.050616979598999
8,SavedNetwork/20_20_1_99.pth,abz6.txt,1,1137.0,3.719557762145996
9,SavedNetwork/20_20_1_99.pth,abz6.txt,1,1178.0,3.9054160118103027
8,SavedNetwork/20_20_1_99.pth,abz7.txt,1,852.0,20.91043210029602
9,SavedNetwork/20_20_1_99.pth,abz7.txt,1,972.0,16.358877897262573
8,SavedNetwork/20_20_1_99.pth,abz8.txt,1,912.0,20.65277886390686
9,SavedNetwork/20_20_1_99.pth,abz8.txt,1,1014.0,15.624563932418823
8,SavedNetwork/20_20_1_99.pth,abz9.txt,1,879.0,21.248993158340454
9,SavedNetwork/20_20_1_99.pth,abz9.txt,1,989.0,16.965336084365845
8,SavedNetwork/20_20_1_99.pth,dmu01.txt,1,3551.0,21.244943857192993
9,SavedNetwork/20_20_1_99.pth,dmu01.txt,1,4366.0,17.30584716796875
8,SavedNetwork/20_20_1_99.pth,dmu02.txt,1,3898.0,21.72946000099182
9,SavedNetwork/20_20_1_99.pth,dmu02.txt,1,4214.0,17.208587169647217
8,SavedNetwork/20_20_1_99.pth,dmu03.txt,1,3792.0,21.84067702293396
9,SavedNetwork/20_20_1_99.pth,dmu03.txt,1,4234.0,17.294182062149048
8,SavedNetwork/20_20_1_99.pth,dmu04.txt,1,3608.0,20.332401037216187
9,SavedNetwork/20_20_1_99.pth,dmu04.txt,1,3878.0,15.957918167114258
8,SavedNetwork/20_20_1_99.pth,dmu05.txt,1,3735.0,21.090564966201782
9,SavedNetwork/20_20_1_99.pth,dmu05.txt,1,4171.0,17.592142820358276
8,SavedNetwork/20_20_1_99.pth,dmu06.txt,1,4541.0,29.84555411338806
9,SavedNetwork/20_20_1_99.pth,dmu06.txt,1,4945.0,25.38026189804077
8,SavedNetwork/20_20_1_99.pth,dmu07.txt,1,3850.0,29.856079816818237
9,SavedNetwork/20_20_1_99.pth,dmu07.txt,1,4709.0,25.29846501350403
8,SavedNetwork/20_20_1_99.pth,dmu08.txt,1,4334.0,29.729098796844482
9,SavedNetwork/20_20_1_99.pth,dmu08.txt,1,4882.0,24.936929941177368
8,SavedNetwork/20_20_1_99.pth,dmu09.txt,1,3838.0,29.266791343688965
9,SavedNetwork/20_20_1_99.pth,dmu09.txt,1,4652.0,24.062880754470825
8,SavedNetwork/20_20_1_99.pth,dmu10.txt,1,4060.0,29.74099612236023
9,SavedNetwork/20_20_1_99.pth,dmu10.txt,1,4576.0,24.26763892173767
8,SavedNetwork/20_20_1_99.pth,dmu11.txt,1,4931.0,45.5455539226532
9,SavedNetwork/20_20_1_99.pth,dmu11.txt,1,5249.0,34.452143907547
8,SavedNetwork/20_20_1_99.pth,dmu12.txt,1,5084.0,45.12698698043823
9,SavedNetwork/20_20_1_99.pth,dmu12.txt,1,5828.0,36.195151805877686
8,SavedNetwork/20_20_1_99.pth,dmu13.txt,1,4871.0,46.73232698440552
9,SavedNetwork/20_20_1_99.pth,dmu13.txt,1,5123.0,35.362566232681274
8,SavedNetwork/20_20_1_99.pth,dmu14.txt,1,4356.0,46.3553261756897
9,SavedNetwork/20_20_1_99.pth,dmu14.txt,1,5048.0,35.97717618942261
8,SavedNetwork/20_20_1_99.pth,dmu15.txt,1,4748.0,46.70840120315552
9,SavedNetwork/20_20_1_99.pth,dmu15.txt,1,4693.0,34.247979164123535
8,SavedNetwork/20_20_1_99.pth,dmu16.txt,1,5196.0,67.17130589485168
9,SavedNetwork/20_20_1_99.pth,dmu16.txt,1,6050.0,56.86506509780884
8,SavedNetwork/20_20_1_99.pth,dmu17.txt,1,5376.0,69.25404596328735
9,SavedNetwork/20_20_1_99.pth,dmu17.txt,1,5836.0,55.880536794662476
8,SavedNetwork/20_20_1_99.pth,dmu18.txt,1,5292.0,69.87087798118591
9,SavedNetwork/20_20_1_99.pth,dmu18.txt,1,5924.0,55.341439962387085
8,SavedNetwork/20_20_1_99.pth,dmu19.txt,1,5323.0,69.43998599052429
9,SavedNetwork/20_20_1_99.pth,dmu19.txt,1,5594.0,55.21750998497009
8,SavedNetwork/20_20_1_99.pth,dmu20.txt,1,4777.0,67.65529322624207
9,SavedNetwork/20_20_1_99.pth,dmu20.txt,1,6089.0,53.4590699672699
8,SavedNetwork/20_20_1_99.pth,dmu21.txt,1,5411.0,88.69328308105469
9,SavedNetwork/20_20_1_99.pth,dmu21.txt,1,5510.0,77.86030101776123
8,SavedNetwork/20_20_1_99.pth,dmu22.txt,1,5855.0,90.7548418045044
9,SavedNetwork/20_20_1_99.pth,dmu22.txt,1,6071.0,83.56742095947266
8,SavedNetwork/20_20_1_99.pth,dmu23.txt,1,5632.0,87.95046925544739
9,SavedNetwork/20_20_1_99.pth,dmu23.txt,1,5792.0,77.12114787101746
8,SavedNetwork/20_20_1_99.pth,dmu24.txt,1,5777.0,88.65664577484131
9,SavedNetwork/20_20_1_99.pth,dmu24.txt,1,6170.0,81.96636009216309
8,SavedNetwork/20_20_1_99.pth,dmu25.txt,1,5153.0,89.4675440788269
9,SavedNetwork/20_20_1_99.pth,dmu25.txt,1,5745.0,79.33410811424255
8,SavedNetwork/20_20_1_99.pth,dmu26.txt,1,6326.0,135.39026999473572
9,SavedNetwork/20_20_1_99.pth,dmu26.txt,1,6232.0,118.57261681556702
8,SavedNetwork/20_20_1_99.pth,dmu27.txt,1,6581.0,136.76567006111145
9,SavedNetwork/20_20_1_99.pth,dmu27.txt,1,7106.0,121.02205491065979
8,SavedNetwork/20_20_1_99.pth,dmu28.txt,1,6541.0,138.4920048713684
9,SavedNetwork/20_20_1_99.pth,dmu28.txt,1,6090.0,125.31050395965576
8,SavedNetwork/20_20_1_99.pth,dmu29.txt,1,6359.0,139.89475202560425
9,SavedNetwork/20_20_1_99.pth,dmu29.txt,1,6391.0,123.63899493217468
8,SavedNetwork/20_20_1_99.pth,dmu30.txt,1,6116.0,135.1814842224121
9,SavedNetwork/20_20_1_99.pth,dmu30.txt,1,6348.0,119.52117705345154
8,SavedNetwork/20_20_1_99.pth,dmu31.txt,1,7199.0,148.1588830947876
9,SavedNetwork/20_20_1_99.pth,dmu31.txt,1,6873.0,138.29097485542297
8,SavedNetwork/20_20_1_99.pth,dmu32.txt,1,6568.0,149.3518841266632
9,SavedNetwork/20_20_1_99.pth,dmu32.txt,1,6576.0,141.2261528968811
8,SavedNetwork/20_20_1_99.pth,dmu33.txt,1,6667.0,148.95035982131958
9,SavedNetwork/20_20_1_99.pth,dmu33.txt,1,6700.0,139.22605800628662
8,SavedNetwork/20_20_1_99.pth,dmu34.txt,1,6570.0,150.94924592971802
9,SavedNetwork/20_20_1_99.pth,dmu34.txt,1,6456.0,142.1382429599762
8,SavedNetwork/20_20_1_99.pth,dmu35.txt,1,6544.0,154.8515920639038
9,SavedNetwork/20_20_1_99.pth,dmu35.txt,1,6843.0,141.05484080314636
8,SavedNetwork/20_20_1_99.pth,dmu36.txt,1,7332.0,222.10212779045105
9,SavedNetwork/20_20_1_99.pth,dmu36.txt,1,7475.0,214.4120330810547
8,SavedNetwork/20_20_1_99.pth,dmu37.txt,1,7789.0,220.91079187393188
9,SavedNetwork/20_20_1_99.pth,dmu37.txt,1,7380.0,209.81120681762695
8,SavedNetwork/20_20_1_99.pth,dmu38.txt,1,7403.0,224.73600101470947
9,SavedNetwork/20_20_1_99.pth,dmu38.txt,1,7564.0,210.22968101501465
8,SavedNetwork/20_20_1_99.pth,dmu39.txt,1,7448.0,222.15178298950195
9,SavedNetwork/20_20_1_99.pth,dmu39.txt,1,7281.0,210.34359407424927
8,SavedNetwork/20_20_1_99.pth,dmu40.txt,1,7542.0,223.81257128715515
9,SavedNetwork/20_20_1_99.pth,dmu40.txt,1,7349.0,215.45360016822815
8,SavedNetwork/20_20_1_99.pth,dmu41.txt,1,4497.0,22.616360187530518
9,SavedNetwork/20_20_1_99.pth,dmu41.txt,1,4250.0,18.891014099121094
8,SavedNetwork/20_20_1_99.pth,dmu42.txt,1,5051.0,22.737526178359985
9,SavedNetwork/20_20_1_99.pth,dmu42.txt,1,5330.0,19.655261993408203
8,SavedNetwork/20_20_1_99.pth,dmu43.txt,1,4694.0,22.761795043945312
9,SavedNetwork/20_20_1_99.pth,dmu43.txt,1,4543.0,19.27899980545044
8,SavedNetwork/20_20_1_99.pth,dmu44.txt,1,5118.0,22.3008131980896
9,SavedNetwork/20_20_1_99.pth,dmu44.txt,1,4909.0,19.421574354171753
8,SavedNetwork/20_20_1_99.pth,dmu45.txt,1,4754.0,23.274220943450928
9,SavedNetwork/20_20_1_99.pth,dmu45.txt,1,4821.0,20.1283860206604
8,SavedNetwork/20_20_1_99.pth,dmu46.txt,1,5515.0,30.910982847213745
9,SavedNetwork/20_20_1_99.pth,dmu46.txt,1,5457.0,28.224483728408813
8,SavedNetwork/20_20_1_99.pth,dmu47.txt,1,5196.0,31.250307083129883
9,SavedNetwork/20_20_1_99.pth,dmu47.txt,1,5158.0,26.87542200088501
8,SavedNetwork/20_20_1_99.pth,dmu48.txt,1,4935.0,31.394439935684204
9,SavedNetwork/20_20_1_99.pth,dmu48.txt,1,5357.0,26.693088054656982
8,SavedNetwork/20_20_1_99.pth,dmu49.txt,1,5313.0,30.879369974136353
9,SavedNetwork/20_20_1_99.pth,dmu49.txt,1,5206.0,27.580742120742798
8,SavedNetwork/20_20_1_99.pth,dmu50.txt,1,5471.0,31.46101689338684
9,SavedNetwork/20_20_1_99.pth,dmu50.txt,1,5178.0,28.542225122451782
8,SavedNetwork/20_20_1_99.pth,dmu51.txt,1,6272.0,51.373616218566895
9,SavedNetwork/20_20_1_99.pth,dmu51.txt,1,6127.0,42.43783092498779
8,SavedNetwork/20_20_1_99.pth,dmu52.txt,1,6250.0,50.67385196685791
9,SavedNetwork/20_20_1_99.pth,dmu52.txt,1,6185.0,42.413620948791504
8,SavedNetwork/20_20_1_99.pth,dmu53.txt,1,6435.0,51.25853991508484
9,SavedNetwork/20_20_1_99.pth,dmu53.txt,1,6608.0,45.007546186447144
8,SavedNetwork/20_20_1_99.pth,dmu54.txt,1,6241.0,51.65326905250549
9,SavedNetwork/20_20_1_99.pth,dmu54.txt,1,5988.0,41.52202820777893
8,SavedNetwork/20_20_1_99.pth,dmu55.txt,1,6463.0,52.07143807411194
9,SavedNetwork/20_20_1_99.pth,dmu55.txt,1,6181.0,44.968505859375
8,SavedNetwork/20_20_1_99.pth,dmu56.txt,1,7453.0,73.36637496948242
9,SavedNetwork/20_20_1_99.pth,dmu56.txt,1,7017.0,64.0971269607544
8,SavedNetwork/20_20_1_99.pth,dmu57.txt,1,6920.0,74.23638916015625
9,SavedNetwork/20_20_1_99.pth,dmu57.txt,1,6475.0,64.56470489501953
8,SavedNetwork/20_20_1_99.pth,dmu58.txt,1,6943.0,75.13926982879639
9,SavedNetwork/20_20_1_99.pth,dmu58.txt,1,6276.0,63.14899182319641
8,SavedNetwork/20_20_1_99.pth,dmu59.txt,1,6968.0,74.22571229934692
9,SavedNetwork/20_20_1_99.pth,dmu59.txt,1,6700.0,63.38430690765381
8,SavedNetwork/20_20_1_99.pth,dmu60.txt,1,6970.0,74.74382591247559
9,SavedNetwork/20_20_1_99.pth,dmu60.txt,1,6422.0,62.27022075653076
8,SavedNetwork/20_20_1_99.pth,dmu61.txt,1,7940.0,98.43633222579956
9,SavedNetwork/20_20_1_99.pth,dmu61.txt,1,8073.0,91.59029507637024
8,SavedNetwork/20_20_1_99.pth,dmu62.txt,1,7835.0,99.2668468952179
9,SavedNetwork/20_20_1_99.pth,dmu62.txt,1,7748.0,91.67857098579407
8,SavedNetwork/20_20_1_99.pth,dmu63.txt,1,7943.0,98.95866394042969
9,SavedNetwork/20_20_1_99.pth,dmu63.txt,1,7700.0,92.55017399787903
8,SavedNetwork/20_20_1_99.pth,dmu64.txt,1,7884.0,98.6042070388794
9,SavedNetwork/20_20_1_99.pth,dmu64.txt,1,7348.0,91.0396249294281
8,SavedNetwork/20_20_1_99.pth,dmu65.txt,1,7867.0,98.91218996047974
9,SavedNetwork/20_20_1_99.pth,dmu65.txt,1,7814.0,92.43954491615295
8,SavedNetwork/20_20_1_99.pth,dmu66.txt,1,8518.0,145.97200798988342
9,SavedNetwork/20_20_1_99.pth,dmu66.txt,1,8356.0,134.2066469192505
8,SavedNetwork/20_20_1_99.pth,dmu67.txt,1,8741.0,145.67724108695984
9,SavedNetwork/20_20_1_99.pth,dmu67.txt,1,8542.0,137.6651418209076
8,SavedNetwork/20_20_1_99.pth,dmu68.txt,1,9051.0,146.4781687259674
9,SavedNetwork/20_20_1_99.pth,dmu68.txt,1,8840.0,136.146142244339
8,SavedNetwork/20_20_1_99.pth,dmu69.txt,1,9070.0,144.50614023208618
9,SavedNetwork/20_20_1_99.pth,dmu69.txt,1,8154.0,136.00703406333923
8,SavedNetwork/20_20_1_99.pth,dmu70.txt,1,8706.0,145.90574598312378
9,SavedNetwork/20_20_1_99.pth,dmu70.txt,1,8904.0,135.17294001579285
8,SavedNetwork/20_20_1_99.pth,dmu71.txt,1,9699.0,164.66999125480652
9,SavedNetwork/20_20_1_99.pth,dmu71.txt,1,9625.0,161.44374179840088
8,SavedNetwork/20_20_1_99.pth,dmu72.txt,1,9752.0,162.4523801803589
9,SavedNetwork/20_20_1_99.pth,dmu72.txt,1,10341.0,158.80441284179688
8,SavedNetwork/20_20_1_99.pth,dmu73.txt,1,9759.0,164.38840889930725
9,SavedNetwork/20_20_1_99.pth,dmu73.txt,1,9560.0,158.40614891052246
8,SavedNetwork/20_20_1_99.pth,dmu74.txt,1,9988.0,164.1619737148285
9,SavedNetwork/20_20_1_99.pth,dmu74.txt,1,9468.0,158.81359791755676
8,SavedNetwork/20_20_1_99.pth,dmu75.txt,1,9897.0,165.29201197624207
9,SavedNetwork/20_20_1_99.pth,dmu75.txt,1,9610.0,159.24577689170837
8,SavedNetwork/20_20_1_99.pth,dmu76.txt,1,10359.0,239.238431930542
9,SavedNetwork/20_20_1_99.pth,dmu76.txt,1,10232.0,226.251935005188
8,SavedNetwork/20_20_1_99.pth,dmu77.txt,1,10040.0,237.53183794021606
9,SavedNetwork/20_20_1_99.pth,dmu77.txt,1,10578.0,230.55026078224182
8,SavedNetwork/20_20_1_99.pth,dmu78.txt,1,10392.0,236.70478320121765
9,SavedNetwork/20_20_1_99.pth,dmu78.txt,1,10170.0,236.16501092910767
8,SavedNetwork/20_20_1_99.pth,dmu79.txt,1,10980.0,243.81564688682556
9,SavedNetwork/20_20_1_99.pth,dmu79.txt,1,10592.0,237.67634105682373
8,SavedNetwork/20_20_1_99.pth,dmu80.txt,1,10184.0,236.08689999580383
9,SavedNetwork/20_20_1_99.pth,dmu80.txt,1,10058.0,232.01776599884033
8,SavedNetwork/20_20_1_99.pth,ft06.txt,1,74.0,0.757070779800415
9,SavedNetwork/20_20_1_99.pth,ft06.txt,1,76.0,0.7458071708679199
8,SavedNetwork/20_20_1_99.pth,ft10.txt,1,1258.0,3.9820470809936523
9,SavedNetwork/20_20_1_99.pth,ft10.txt,1,1287.0,3.844677209854126
8,SavedNetwork/20_20_1_99.pth,ft20.txt,1,1662.0,5.93286395072937
9,SavedNetwork/20_20_1_99.pth,ft20.txt,1,1618.0,4.522724151611328
8,SavedNetwork/20_20_1_99.pth,la01.txt,1,805.0,1.7820940017700195
9,SavedNetwork/20_20_1_99.pth,la01.txt,1,763.0,1.647489070892334
8,SavedNetwork/20_20_1_99.pth,la02.txt,1,823.0,1.711125135421753
9,SavedNetwork/20_20_1_99.pth,la02.txt,1,878.0,1.4681909084320068
8,SavedNetwork/20_20_1_99.pth,la03.txt,1,722.0,1.9005169868469238
9,SavedNetwork/20_20_1_99.pth,la03.txt,1,707.0,1.6079397201538086
8,SavedNetwork/20_20_1_99.pth,la04.txt,1,685.0,1.6318750381469727
9,SavedNetwork/20_20_1_99.pth,la04.txt,1,720.0,1.832421064376831
8,SavedNetwork/20_20_1_99.pth,la05.txt,1,593.0,1.4614667892456055
9,SavedNetwork/20_20_1_99.pth,la05.txt,1,593.0,1.6949090957641602
8,SavedNetwork/20_20_1_99.pth,la06.txt,1,962.0,2.8059780597686768
9,SavedNetwork/20_20_1_99.pth,la06.txt,1,1033.0,3.1240437030792236
8,SavedNetwork/20_20_1_99.pth,la07.txt,1,949.0,3.0836219787597656
9,SavedNetwork/20_20_1_99.pth,la07.txt,1,995.0,3.0470080375671387
8,SavedNetwork/20_20_1_99.pth,la08.txt,1,1109.0,3.113105058670044
9,SavedNetwork/20_20_1_99.pth,la08.txt,1,1093.0,3.1957831382751465
8,SavedNetwork/20_20_1_99.pth,la09.txt,1,1079.0,2.6658523082733154
9,SavedNetwork/20_20_1_99.pth,la09.txt,1,1072.0,2.999206304550171
8,SavedNetwork/20_20_1_99.pth,la10.txt,1,958.0,3.222669839859009
9,SavedNetwork/20_20_1_99.pth,la10.txt,1,1099.0,3.060412883758545
8,SavedNetwork/20_20_1_99.pth,la11.txt,1,1222.0,5.6578688621521
9,SavedNetwork/20_20_1_99.pth,la11.txt,1,1336.0,3.5259079933166504
8,SavedNetwork/20_20_1_99.pth,la12.txt,1,1146.0,4.966310739517212
9,SavedNetwork/20_20_1_99.pth,la12.txt,1,1268.0,3.532172203063965
8,SavedNetwork/20_20_1_99.pth,la13.txt,1,1231.0,5.546609878540039
9,SavedNetwork/20_20_1_99.pth,la13.txt,1,1382.0,3.74167799949646
8,SavedNetwork/20_20_1_99.pth,la14.txt,1,1292.0,5.293344974517822
9,SavedNetwork/20_20_1_99.pth,la14.txt,1,1292.0,3.2768681049346924
8,SavedNetwork/20_20_1_99.pth,la15.txt,1,1607.0,5.517245054244995
9,SavedNetwork/20_20_1_99.pth,la15.txt,1,1450.0,3.68770694732666
8,SavedNetwork/20_20_1_99.pth,la16.txt,1,1183.0,3.837675094604492
9,SavedNetwork/20_20_1_99.pth,la16.txt,1,1141.0,3.8151910305023193
8,SavedNetwork/20_20_1_99.pth,la17.txt,1,1087.0,3.3276619911193848
9,SavedNetwork/20_20_1_99.pth,la17.txt,1,959.0,3.6057841777801514
8,SavedNetwork/20_20_1_99.pth,la18.txt,1,999.0,3.666917085647583
9,SavedNetwork/20_20_1_99.pth,la18.txt,1,1007.0,3.530524969100952
8,SavedNetwork/20_20_1_99.pth,la19.txt,1,1038.0,3.711097002029419
9,SavedNetwork/20_20_1_99.pth,la19.txt,1,948.0,4.00537896156311
8,SavedNetwork/20_20_1_99.pth,la20.txt,1,1239.0,3.3954789638519287
9,SavedNetwork/20_20_1_99.pth,la20.txt,1,979.0,3.429702043533325
8,SavedNetwork/20_20_1_99.pth,la21.txt,1,1338.0,7.258310794830322
9,SavedNetwork/20_20_1_99.pth,la21.txt,1,1399.0,6.721789121627808
8,SavedNetwork/20_20_1_99.pth,la22.txt,1,1506.0,7.116497039794922
9,SavedNetwork/20_20_1_99.pth,la22.txt,1,1225.0,7.006961107254028
8,SavedNetwork/20_20_1_99.pth,la23.txt,1,1406.0,6.202044248580933
9,SavedNetwork/20_20_1_99.pth,la23.txt,1,1381.0,6.795742034912109
8,SavedNetwork/20_20_1_99.pth,la24.txt,1,1271.0,6.664531946182251
9,SavedNetwork/20_20_1_99.pth,la24.txt,1,1256.0,6.8894429206848145
8,SavedNetwork/20_20_1_99.pth,la25.txt,1,1365.0,6.9272661209106445
9,SavedNetwork/20_20_1_99.pth,la25.txt,1,1276.0,6.750779867172241
8,SavedNetwork/20_20_1_99.pth,la26.txt,1,1618.0,13.108401775360107
9,SavedNetwork/20_20_1_99.pth,la26.txt,1,1848.0,9.667535066604614
8,SavedNetwork/20_20_1_99.pth,la27.txt,1,1651.0,13.00744080543518
9,SavedNetwork/20_20_1_99.pth,la27.txt,1,1885.0,9.599960088729858
8,SavedNetwork/20_20_1_99.pth,la28.txt,1,1544.0,11.687835216522217
9,SavedNetwork/20_20_1_99.pth,la28.txt,1,1847.0,9.516000986099243
8,SavedNetwork/20_20_1_99.pth,la29.txt,1,1641.0,13.272065877914429
9,SavedNetwork/20_20_1_99.pth,la29.txt,1,1723.0,9.63889217376709
8,SavedNetwork/20_20_1_99.pth,la30.txt,1,1604.0,13.88358187675476
9,SavedNetwork/20_20_1_99.pth,la30.txt,1,1654.0,9.786696910858154
8,SavedNetwork/20_20_1_99.pth,la31.txt,1,2231.0,28.17390727996826
9,SavedNetwork/20_20_1_99.pth,la31.txt,1,2338.0,20.472641944885254
8,SavedNetwork/20_20_1_99.pth,la32.txt,1,2125.0,28.183368921279907
9,SavedNetwork/20_20_1_99.pth,la32.txt,1,2283.0,19.305294036865234
8,SavedNetwork/20_20_1_99.pth,la33.txt,1,2040.0,28.752261877059937
9,SavedNetwork/20_20_1_99.pth,la33.txt,1,2113.0,19.883225917816162
8,SavedNetwork/20_20_1_99.pth,la34.txt,1,1968.0,28.573792934417725
9,SavedNetwork/20_20_1_99.pth,la34.txt,1,2442.0,20.128166913986206
8,SavedNetwork/20_20_1_99.pth,la35.txt,1,2273.0,29.337584018707275
9,SavedNetwork/20_20_1_99.pth,la35.txt,1,2567.0,20.407079219818115
8,SavedNetwork/20_20_1_99.pth,la36.txt,1,1731.0,11.729781150817871
9,SavedNetwork/20_20_1_99.pth,la36.txt,1,1807.0,11.757436990737915
8,SavedNetwork/20_20_1_99.pth,la37.txt,1,1790.0,11.547192811965942
9,SavedNetwork/20_20_1_99.pth,la37.txt,1,1722.0,11.47835898399353
8,SavedNetwork/20_20_1_99.pth,la38.txt,1,1731.0,11.635032176971436
9,SavedNetwork/20_20_1_99.pth,la38.txt,1,1711.0,11.917291164398193
8,SavedNetwork/20_20_1_99.pth,la39.txt,1,1631.0,12.104773998260498
9,SavedNetwork/20_20_1_99.pth,la39.txt,1,1609.0,11.778859853744507
8,SavedNetwork/20_20_1_99.pth,la40.txt,1,1518.0,11.997826099395752
9,SavedNetwork/20_20_1_99.pth,la40.txt,1,1823.0,11.939152956008911
8,SavedNetwork/20_20_1_99.pth,orb01.txt,1,1268.0,3.796288013458252
9,SavedNetwork/20_20_1_99.pth,orb01.txt,1,1284.0,3.914951801300049
8,SavedNetwork/20_20_1_99.pth,orb02.txt,1,1146.0,3.6169540882110596
9,SavedNetwork/20_20_1_99.pth,orb02.txt,1,1082.0,3.751986026763916
8,SavedNetwork/20_20_1_99.pth,orb03.txt,1,1370.0,3.6075868606567383
9,SavedNetwork/20_20_1_99.pth,orb03.txt,1,1488.0,3.754405975341797
8,SavedNetwork/20_20_1_99.pth,orb04.txt,1,1213.0,3.673424243927002
9,SavedNetwork/20_20_1_99.pth,orb04.txt,1,1213.0,4.202046871185303
8,SavedNetwork/20_20_1_99.pth,orb05.txt,1,1073.0,3.9161181449890137
9,SavedNetwork/20_20_1_99.pth,orb05.txt,1,1127.0,3.68179988861084
8,SavedNetwork/20_20_1_99.pth,orb06.txt,1,1440.0,3.774646043777466
9,SavedNetwork/20_20_1_99.pth,orb06.txt,1,1330.0,3.932616949081421
8,SavedNetwork/20_20_1_99.pth,orb07.txt,1,484.0,3.6540169715881348
9,SavedNetwork/20_20_1_99.pth,orb07.txt,1,512.0,3.7078561782836914
8,SavedNetwork/20_20_1_99.pth,orb08.txt,1,1253.0,3.264902114868164
9,SavedNetwork/20_20_1_99.pth,orb08.txt,1,1310.0,3.5082309246063232
8,SavedNetwork/20_20_1_99.pth,orb09.txt,1,1134.0,3.8573319911956787
9,SavedNetwork/20_20_1_99.pth,orb09.txt,1,1224.0,3.7371578216552734
8,SavedNetwork/20_20_1_99.pth,orb10.txt,1,1109.0,3.7014169692993164
9,SavedNetwork/20_20_1_99.pth,orb10.txt,1,1455.0,3.797492027282715
8,SavedNetwork/20_20_1_99.pth,swv01.txt,1,2099.0,14.293306827545166
9,SavedNetwork/20_20_1_99.pth,swv01.txt,1,1944.0,10.67879605293274
8,SavedNetwork/20_20_1_99.pth,swv02.txt,1,2205.0,13.90229606628418
9,SavedNetwork/20_20_1_99.pth,swv02.txt,1,2223.0,11.509137868881226
8,SavedNetwork/20_20_1_99.pth,swv03.txt,1,1871.0,14.03638482093811
9,SavedNetwork/20_20_1_99.pth,swv03.txt,1,1894.0,11.291576147079468
8,SavedNetwork/20_20_1_99.pth,swv04.txt,1,2042.0,14.579872131347656
9,SavedNetwork/20_20_1_99.pth,swv04.txt,1,1982.0,11.232053995132446
8,SavedNetwork/20_20_1_99.pth,swv05.txt,1,2068.0,13.784257173538208
9,SavedNetwork/20_20_1_99.pth,swv05.txt,1,1917.0,10.712313890457153
8,SavedNetwork/20_20_1_99.pth,swv06.txt,1,2409.0,22.23427700996399
9,SavedNetwork/20_20_1_99.pth,swv06.txt,1,2215.0,19.51028800010681
8,SavedNetwork/20_20_1_99.pth,swv07.txt,1,2203.0,22.283005952835083
9,SavedNetwork/20_20_1_99.pth,swv07.txt,1,2201.0,19.63564682006836
8,SavedNetwork/20_20_1_99.pth,swv08.txt,1,2398.0,22.62113094329834
9,SavedNetwork/20_20_1_99.pth,swv08.txt,1,2402.0,19.075807094573975
8,SavedNetwork/20_20_1_99.pth,swv09.txt,1,2554.0,22.502369165420532
9,SavedNetwork/20_20_1_99.pth,swv09.txt,1,2410.0,19.164902210235596
8,SavedNetwork/20_20_1_99.pth,swv10.txt,1,2582.0,22.679769039154053
9,SavedNetwork/20_20_1_99.pth,swv10.txt,1,2443.0,19.57679581642151
8,SavedNetwork/20_20_1_99.pth,swv11.txt,1,4467.0,94.45108580589294
9,SavedNetwork/20_20_1_99.pth,swv11.txt,1,4431.0,90.23379683494568
8,SavedNetwork/20_20_1_99.pth,swv12.txt,1,4692.0,92.44587230682373
9,SavedNetwork/20_20_1_99.pth,swv12.txt,1,4675.0,89.97388505935669
8,SavedNetwork/20_20_1_99.pth,swv13.txt,1,4769.0,90.97110772132874
9,SavedNetwork/20_20_1_99.pth,swv13.txt,1,4654.0,88.222501039505
8,SavedNetwork/20_20_1_99.pth,swv14.txt,1,4446.0,91.50241589546204
9,SavedNetwork/20_20_1_99.pth,swv14.txt,1,4340.0,90.49035215377808
8,SavedNetwork/20_20_1_99.pth,swv15.txt,1,4756.0,94.03870487213135
9,SavedNetwork/20_20_1_99.pth,swv15.txt,1,4759.0,90.38160634040833
8,SavedNetwork/20_20_1_99.pth,swv16.txt,1,3038.0,83.56838393211365
9,SavedNetwork/20_20_1_99.pth,swv16.txt,1,2951.0,77.7597439289093
8,SavedNetwork/20_20_1_99.pth,swv17.txt,1,2912.0,85.08980894088745
9,SavedNetwork/20_20_1_99.pth,swv17.txt,1,2884.0,78.96000003814697
8,SavedNetwork/20_20_1_99.pth,swv18.txt,1,3028.0,82.70181608200073
9,SavedNetwork/20_20_1_99.pth,swv18.txt,1,2968.0,78.84165692329407
8,SavedNetwork/20_20_1_99.pth,swv19.txt,1,3149.0,81.70206189155579
9,SavedNetwork/20_20_1_99.pth,swv19.txt,1,3238.0,80.68294787406921
8,SavedNetwork/20_20_1_99.pth,swv20.txt,1,2930.0,83.83556580543518
9,SavedNetwork/20_20_1_99.pth,swv20.txt,1,3169.0,80.44149494171143
8,SavedNetwork/20_20_1_99.pth,ta01.txt,1,1688.0,11.25003695487976
9,SavedNetwork/20_20_1_99.pth,ta01.txt,1,1818.0,12.119508981704712
8,SavedNetwork/20_20_1_99.pth,ta02.txt,1,1676.0,11.782715082168579
9,SavedNetwork/20_20_1_99.pth,ta02.txt,1,1645.0,11.88308596611023
8,SavedNetwork/20_20_1_99.pth,ta03.txt,1,1558.0,11.58575701713562
9,SavedNetwork/20_20_1_99.pth,ta03.txt,1,1588.0,11.783498048782349
8,SavedNetwork/20_20_1_99.pth,ta04.txt,1,1597.0,12.068367958068848
9,SavedNetwork/20_20_1_99.pth,ta04.txt,1,1681.0,11.609633922576904
8,SavedNetwork/20_20_1_99.pth,ta05.txt,1,1527.0,12.091654062271118
9,SavedNetwork/20_20_1_99.pth,ta05.txt,1,1558.0,11.392218112945557
8,SavedNetwork/20_20_1_99.pth,ta06.txt,1,1614.0,11.655390977859497
9,SavedNetwork/20_20_1_99.pth,ta06.txt,1,1532.0,11.73025107383728
8,SavedNetwork/20_20_1_99.pth,ta07.txt,1,1602.0,11.889881134033203
9,SavedNetwork/20_20_1_99.pth,ta07.txt,1,1666.0,11.39504599571228
8,SavedNetwork/20_20_1_99.pth,ta08.txt,1,1663.0,11.668034791946411
9,SavedNetwork/20_20_1_99.pth,ta08.txt,1,1600.0,11.484523057937622
8,SavedNetwork/20_20_1_99.pth,ta09.txt,1,1647.0,12.061353921890259
9,SavedNetwork/20_20_1_99.pth,ta09.txt,1,1620.0,11.471276998519897
8,SavedNetwork/20_20_1_99.pth,ta10.txt,1,1606.0,11.896505117416382
9,SavedNetwork/20_20_1_99.pth,ta10.txt,1,1666.0,11.226232051849365
8,SavedNetwork/20_20_1_99.pth,ta11.txt,1,1908.0,21.506550073623657
9,SavedNetwork/20_20_1_99.pth,ta11.txt,1,2169.0,17.5984148979187
8,SavedNetwork/20_20_1_99.pth,ta12.txt,1,1941.0,21.880838871002197
9,SavedNetwork/20_20_1_99.pth,ta12.txt,1,2291.0,17.29644799232483
8,SavedNetwork/20_20_1_99.pth,ta13.txt,1,1731.0,21.094353914260864
9,SavedNetwork/20_20_1_99.pth,ta13.txt,1,2074.0,17.378397941589355
8,SavedNetwork/20_20_1_99.pth,ta14.txt,1,1879.0,20.639827966690063
9,SavedNetwork/20_20_1_99.pth,ta14.txt,1,2001.0,17.04684591293335
8,SavedNetwork/20_20_1_99.pth,ta15.txt,1,1857.0,21.484352111816406
9,SavedNetwork/20_20_1_99.pth,ta15.txt,1,1994.0,16.716567039489746
8,SavedNetwork/20_20_1_99.pth,ta16.txt,1,1905.0,20.762292861938477
9,SavedNetwork/20_20_1_99.pth,ta16.txt,1,2107.0,17.896249055862427
8,SavedNetwork/20_20_1_99.pth,ta17.txt,1,2237.0,21.763983249664307
9,SavedNetwork/20_20_1_99.pth,ta17.txt,1,2151.0,17.418155908584595
8,SavedNetwork/20_20_1_99.pth,ta18.txt,1,1740.0,21.83793592453003
9,SavedNetwork/20_20_1_99.pth,ta18.txt,1,2197.0,18.530588150024414
8,SavedNetwork/20_20_1_99.pth,ta19.txt,1,1832.0,20.178690195083618
9,SavedNetwork/20_20_1_99.pth,ta19.txt,1,2047.0,18.17357587814331
8,SavedNetwork/20_20_1_99.pth,ta20.txt,1,1827.0,21.1733181476593
9,SavedNetwork/20_20_1_99.pth,ta20.txt,1,2031.0,17.460784912109375
8,SavedNetwork/20_20_1_99.pth,ta21.txt,1,2154.0,30.0244140625
9,SavedNetwork/20_20_1_99.pth,ta21.txt,1,2352.0,26.083976984024048
8,SavedNetwork/20_20_1_99.pth,ta22.txt,1,2101.0,30.132711172103882
9,SavedNetwork/20_20_1_99.pth,ta22.txt,1,2395.0,24.428902864456177
8,SavedNetwork/20_20_1_99.pth,ta23.txt,1,1969.0,30.131085872650146
9,SavedNetwork/20_20_1_99.pth,ta23.txt,1,2329.0,24.535714149475098
8,SavedNetwork/20_20_1_99.pth,ta24.txt,1,2149.0,29.656429767608643
9,SavedNetwork/20_20_1_99.pth,ta24.txt,1,2308.0,24.3143789768219
8,SavedNetwork/20_20_1_99.pth,ta25.txt,1,2182.0,29.637295961380005
9,SavedNetwork/20_20_1_99.pth,ta25.txt,1,2347.0,25.651026010513306
8,SavedNetwork/20_20_1_99.pth,ta26.txt,1,2108.0,29.29057002067566
9,SavedNetwork/20_20_1_99.pth,ta26.txt,1,2384.0,25.12683081626892
8,SavedNetwork/20_20_1_99.pth,ta27.txt,1,2274.0,29.382115125656128
9,SavedNetwork/20_20_1_99.pth,ta27.txt,1,2433.0,24.855835914611816
8,SavedNetwork/20_20_1_99.pth,ta28.txt,1,2110.0,29.177517652511597
9,SavedNetwork/20_20_1_99.pth,ta28.txt,1,2372.0,25.2150239944458
8,SavedNetwork/20_20_1_99.pth,ta29.txt,1,2205.0,30.36984872817993
9,SavedNetwork/20_20_1_99.pth,ta29.txt,1,2651.0,25.082096099853516
8,SavedNetwork/20_20_1_99.pth,ta30.txt,1,2231.0,29.968942165374756
9,SavedNetwork/20_20_1_99.pth,ta30.txt,1,2357.0,24.551870822906494
8,SavedNetwork/20_20_1_99.pth,ta31.txt,1,2467.0,47.40192794799805
9,SavedNetwork/20_20_1_99.pth,ta31.txt,1,2590.0,37.21147108078003
8,SavedNetwork/20_20_1_99.pth,ta32.txt,1,2553.0,46.03826308250427
9,SavedNetwork/20_20_1_99.pth,ta32.txt,1,2597.0,35.809412717819214
8,SavedNetwork/20_20_1_99.pth,ta33.txt,1,2450.0,45.084980964660645
9,SavedNetwork/20_20_1_99.pth,ta33.txt,1,2644.0,34.01415181159973
8,SavedNetwork/20_20_1_99.pth,ta34.txt,1,2477.0,48.57444405555725
9,SavedNetwork/20_20_1_99.pth,ta34.txt,1,2763.0,34.745156049728394
8,SavedNetwork/20_20_1_99.pth,ta35.txt,1,2477.0,44.67854118347168
9,SavedNetwork/20_20_1_99.pth,ta35.txt,1,2697.0,33.40641212463379
8,SavedNetwork/20_20_1_99.pth,ta36.txt,1,2408.0,47.063677072525024
9,SavedNetwork/20_20_1_99.pth,ta36.txt,1,2516.0,33.46095395088196
8,SavedNetwork/20_20_1_99.pth,ta37.txt,1,2617.0,45.41174292564392
9,SavedNetwork/20_20_1_99.pth,ta37.txt,1,2720.0,34.2760066986084
8,SavedNetwork/20_20_1_99.pth,ta38.txt,1,2383.0,46.51537203788757
9,SavedNetwork/20_20_1_99.pth,ta38.txt,1,2694.0,35.55620789527893
8,SavedNetwork/20_20_1_99.pth,ta39.txt,1,2362.0,46.71867299079895
9,SavedNetwork/20_20_1_99.pth,ta39.txt,1,2468.0,37.0945680141449
8,SavedNetwork/20_20_1_99.pth,ta40.txt,1,2378.0,46.092849254608154
9,SavedNetwork/20_20_1_99.pth,ta40.txt,1,2575.0,34.35941815376282
8,SavedNetwork/20_20_1_99.pth,ta41.txt,1,2894.0,67.75557589530945
9,SavedNetwork/20_20_1_99.pth,ta41.txt,1,3078.0,54.14975094795227
8,SavedNetwork/20_20_1_99.pth,ta42.txt,1,2606.0,68.92870497703552
9,SavedNetwork/20_20_1_99.pth,ta42.txt,1,3193.0,55.06271314620972
8,SavedNetwork/20_20_1_99.pth,ta43.txt,1,2549.0,70.10505700111389
9,SavedNetwork/20_20_1_99.pth,ta43.txt,1,2770.0,57.22191405296326
8,SavedNetwork/20_20_1_99.pth,ta44.txt,1,2657.0,69.50005102157593
9,SavedNetwork/20_20_1_99.pth,ta44.txt,1,2953.0,56.655498027801514
8,SavedNetwork/20_20_1_99.pth,ta45.txt,1,2725.0,69.13014197349548
9,SavedNetwork/20_20_1_99.pth,ta45.txt,1,2891.0,53.87805891036987
8,SavedNetwork/20_20_1_99.pth,ta46.txt,1,2844.0,70.75592708587646
9,SavedNetwork/20_20_1_99.pth,ta46.txt,1,2976.0,56.43943905830383
8,SavedNetwork/20_20_1_99.pth,ta47.txt,1,2684.0,69.72244215011597
9,SavedNetwork/20_20_1_99.pth,ta47.txt,1,2883.0,54.402260065078735
8,SavedNetwork/20_20_1_99.pth,ta48.txt,1,2771.0,70.31326389312744
9,SavedNetwork/20_20_1_99.pth,ta48.txt,1,2835.0,57.272921085357666
8,SavedNetwork/20_20_1_99.pth,ta49.txt,1,2719.0,69.72899508476257
9,SavedNetwork/20_20_1_99.pth,ta49.txt,1,2925.0,55.70781493186951
8,SavedNetwork/20_20_1_99.pth,ta50.txt,1,2619.0,69.6277642250061
9,SavedNetwork/20_20_1_99.pth,ta50.txt,1,3063.0,55.21477770805359
8,SavedNetwork/20_20_1_99.pth,ta51.txt,1,3714.0,148.90157985687256
9,SavedNetwork/20_20_1_99.pth,ta51.txt,1,3451.0,142.1698179244995
8,SavedNetwork/20_20_1_99.pth,ta52.txt,1,3554.0,151.95881700515747
9,SavedNetwork/20_20_1_99.pth,ta52.txt,1,3427.0,144.32066893577576
8,SavedNetwork/20_20_1_99.pth,ta53.txt,1,3399.0,151.31178402900696
9,SavedNetwork/20_20_1_99.pth,ta53.txt,1,3389.0,141.76793003082275
8,SavedNetwork/20_20_1_99.pth,ta54.txt,1,3338.0,149.71028423309326
9,SavedNetwork/20_20_1_99.pth,ta54.txt,1,3226.0,139.44313430786133
8,SavedNetwork/20_20_1_99.pth,ta55.txt,1,3437.0,149.66432094573975
9,SavedNetwork/20_20_1_99.pth,ta55.txt,1,3408.0,143.8503770828247
8,SavedNetwork/20_20_1_99.pth,ta56.txt,1,3444.0,151.82360219955444
9,SavedNetwork/20_20_1_99.pth,ta56.txt,1,3363.0,147.7676820755005
8,SavedNetwork/20_20_1_99.pth,ta57.txt,1,3503.0,152.61454391479492
9,SavedNetwork/20_20_1_99.pth,ta57.txt,1,3525.0,144.03291201591492
8,SavedNetwork/20_20_1_99.pth,ta58.txt,1,3697.0,153.33884024620056
9,SavedNetwork/20_20_1_99.pth,ta58.txt,1,3516.0,142.21105289459229
8,SavedNetwork/20_20_1_99.pth,ta59.txt,1,3521.0,148.23860692977905
9,SavedNetwork/20_20_1_99.pth,ta59.txt,1,3452.0,143.91694808006287
8,SavedNetwork/20_20_1_99.pth,ta60.txt,1,3280.0,152.98200297355652
9,SavedNetwork/20_20_1_99.pth,ta60.txt,1,3333.0,144.53228116035461
8,SavedNetwork/20_20_1_99.pth,ta61.txt,1,3584.0,232.3434660434723
9,SavedNetwork/20_20_1_99.pth,ta61.txt,1,3804.0,223.01482009887695
8,SavedNetwork/20_20_1_99.pth,ta62.txt,1,3758.0,236.61902618408203
9,SavedNetwork/20_20_1_99.pth,ta62.txt,1,3738.0,224.1318118572235
8,SavedNetwork/20_20_1_99.pth,ta63.txt,1,3428.0,229.32063388824463
9,SavedNetwork/20_20_1_99.pth,ta63.txt,1,3426.0,219.8016059398651
8,SavedNetwork/20_20_1_99.pth,ta64.txt,1,3349.0,232.7506012916565
9,SavedNetwork/20_20_1_99.pth,ta64.txt,1,3645.0,222.24216222763062
8,SavedNetwork/20_20_1_99.pth,ta65.txt,1,3617.0,228.77608513832092
9,SavedNetwork/20_20_1_99.pth,ta65.txt,1,3603.0,212.26730394363403
8,SavedNetwork/20_20_1_99.pth,ta66.txt,1,3582.0,220.43035697937012
9,SavedNetwork/20_20_1_99.pth,ta66.txt,1,3870.0,210.5970640182495
8,SavedNetwork/20_20_1_99.pth,ta67.txt,1,3797.0,225.28712797164917
9,SavedNetwork/20_20_1_99.pth,ta67.txt,1,3720.0,208.60137104988098
8,SavedNetwork/20_20_1_99.pth,ta68.txt,1,3675.0,217.19997715950012
9,SavedNetwork/20_20_1_99.pth,ta68.txt,1,3591.0,211.34692525863647
8,SavedNetwork/20_20_1_99.pth,ta69.txt,1,3700.0,221.87267589569092
9,SavedNetwork/20_20_1_99.pth,ta69.txt,1,3710.0,212.8487298488617
8,SavedNetwork/20_20_1_99.pth,ta70.txt,1,3752.0,221.2300636768341
9,SavedNetwork/20_20_1_99.pth,ta70.txt,1,4012.0,208.5810627937317
8,SavedNetwork/20_20_1_99.pth,ta71.txt,1,6576.0,1119.0550410747528
9,SavedNetwork/20_20_1_99.pth,ta71.txt,1,6422.0,798.6326661109924
8,SavedNetwork/20_20_1_99.pth,ta72.txt,1,6170.0,780.5831439495087
9,SavedNetwork/20_20_1_99.pth,ta72.txt,1,5991.0,799.0798280239105
8,SavedNetwork/20_20_1_99.pth,ta73.txt,1,6567.0,800.561784029007
9,SavedNetwork/20_20_1_99.pth,ta73.txt,1,6357.0,806.5614809989929
8,SavedNetwork/20_20_1_99.pth,ta74.txt,1,6247.0,791.6594030857086
9,SavedNetwork/20_20_1_99.pth,ta74.txt,1,6300.0,808.3943753242493
8,SavedNetwork/20_20_1_99.pth,ta75.txt,1,6527.0,805.8781590461731
9,SavedNetwork/20_20_1_99.pth,ta75.txt,1,6469.0,811.3181700706482
8,SavedNetwork/20_20_1_99.pth,ta76.txt,1,6251.0,795.3493580818176
9,SavedNetwork/20_20_1_99.pth,ta76.txt,1,6394.0,809.4195032119751
8,SavedNetwork/20_20_1_99.pth,ta77.txt,1,6393.0,812.1832191944122
9,SavedNetwork/20_20_1_99.pth,ta77.txt,1,6378.0,814.6626000404358
8,SavedNetwork/20_20_1_99.pth,ta78.txt,1,6334.0,800.383358001709
9,SavedNetwork/20_20_1_99.pth,ta78.txt,1,6164.0,808.8959517478943
8,SavedNetwork/20_20_1_99.pth,ta79.txt,1,6246.0,805.5104508399963
9,SavedNetwork/20_20_1_99.pth,ta79.txt,1,6292.0,809.3943591117859
8,SavedNetwork/20_20_1_99.pth,ta80.txt,1,6233.0,799.7556128501892
9,SavedNetwork/20_20_1_99.pth,ta80.txt,1,6016.0,847.9877779483795
8,SavedNetwork/20_20_1_99.pth,yn01.txt,1,1148.0,12.616635799407959
9,SavedNetwork/20_20_1_99.pth,yn01.txt,1,1372.0,10.348618030548096
8,SavedNetwork/20_20_1_99.pth,yn02.txt,1,1152.0,11.903929948806763
9,SavedNetwork/20_20_1_99.pth,yn02.txt,1,1322.0,10.374853134155273
8,SavedNetwork/20_20_1_99.pth,yn03.txt,1,1178.0,12.671371936798096
9,SavedNetwork/20_20_1_99.pth,yn03.txt,1,1367.0,11.199289798736572
8,SavedNetwork/20_20_1_99.pth,yn04.txt,1,1287.0,12.121814012527466
9,SavedNetwork/20_20_1_99.pth,yn04.txt,1,1492.0,10.260236978530884
8,SavedNetwork/20_20_1_99.pth,abz5.txt,2,1436.0,1.0631301403045654
9,SavedNetwork/20_20_1_99.pth,abz5.txt,2,1367.0,1.0170459747314453
8,SavedNetwork/20_20_1_99.pth,abz6.txt,2,1066.0,1.1561172008514404
9,SavedNetwork/20_20_1_99.pth,abz6.txt,2,1104.0,1.1678662300109863
8,SavedNetwork/20_20_1_99.pth,abz7.txt,2,813.0,8.68448281288147
9,SavedNetwork/20_20_1_99.pth,abz7.txt,2,896.0,8.415364027023315
8,SavedNetwork/20_20_1_99.pth,abz8.txt,2,871.0,9.480436086654663
9,SavedNetwork/20_20_1_99.pth,abz8.txt,2,949.0,8.120546102523804
8,SavedNetwork/20_20_1_99.pth,abz9.txt,2,916.0,9.93545389175415
9,SavedNetwork/20_20_1_99.pth,abz9.txt,2,983.0,8.23641586303711
8,SavedNetwork/20_20_1_99.pth,dmu01.txt,2,3591.0,9.070390939712524
9,SavedNetwork/20_20_1_99.pth,dmu01.txt,2,3743.0,8.310538053512573
8,SavedNetwork/20_20_1_99.pth,dmu02.txt,2,3559.0,9.146676063537598
9,SavedNetwork/20_20_1_99.pth,dmu02.txt,2,4017.0,8.8231680393219
8,SavedNetwork/20_20_1_99.pth,dmu03.txt,2,3713.0,9.17653775215149
9,SavedNetwork/20_20_1_99.pth,dmu03.txt,2,3591.0,8.082878828048706
8,SavedNetwork/20_20_1_99.pth,dmu04.txt,2,3360.0,9.72409987449646
9,SavedNetwork/20_20_1_99.pth,dmu04.txt,2,3499.0,8.288921117782593
8,SavedNetwork/20_20_1_99.pth,dmu05.txt,2,4033.0,9.462346076965332
9,SavedNetwork/20_20_1_99.pth,dmu05.txt,2,3846.0,8.46527910232544
8,SavedNetwork/20_20_1_99.pth,dmu06.txt,2,4029.0,13.711588859558105
9,SavedNetwork/20_20_1_99.pth,dmu06.txt,2,4163.0,12.014909982681274
8,SavedNetwork/20_20_1_99.pth,dmu07.txt,2,4158.0,13.287256002426147
9,SavedNetwork/20_20_1_99.pth,dmu07.txt,2,4449.0,12.586849927902222
8,SavedNetwork/20_20_1_99.pth,dmu08.txt,2,4002.0,14.494719982147217
9,SavedNetwork/20_20_1_99.pth,dmu08.txt,2,4394.0,12.23090410232544
8,SavedNetwork/20_20_1_99.pth,dmu09.txt,2,4185.0,13.657721042633057
9,SavedNetwork/20_20_1_99.pth,dmu09.txt,2,4366.0,11.782421112060547
8,SavedNetwork/20_20_1_99.pth,dmu10.txt,2,4046.0,13.058104991912842
9,SavedNetwork/20_20_1_99.pth,dmu10.txt,2,4330.0,12.753138780593872
8,SavedNetwork/20_20_1_99.pth,dmu11.txt,2,4603.0,21.976372003555298
9,SavedNetwork/20_20_1_99.pth,dmu11.txt,2,4553.0,19.224947929382324
8,SavedNetwork/20_20_1_99.pth,dmu12.txt,2,4656.0,21.909850120544434
9,SavedNetwork/20_20_1_99.pth,dmu12.txt,2,4711.0,19.475768089294434
8,SavedNetwork/20_20_1_99.pth,dmu13.txt,2,4931.0,21.73991298675537
9,SavedNetwork/20_20_1_99.pth,dmu13.txt,2,5187.0,19.61351704597473
8,SavedNetwork/20_20_1_99.pth,dmu14.txt,2,4111.0,21.472100019454956
9,SavedNetwork/20_20_1_99.pth,dmu14.txt,2,4307.0,20.277132987976074
8,SavedNetwork/20_20_1_99.pth,dmu15.txt,2,4370.0,22.097395181655884
9,SavedNetwork/20_20_1_99.pth,dmu15.txt,2,4551.0,19.279855728149414
8,SavedNetwork/20_20_1_99.pth,dmu16.txt,2,5296.0,35.022817850112915
9,SavedNetwork/20_20_1_99.pth,dmu16.txt,2,5297.0,31.0745108127594
8,SavedNetwork/20_20_1_99.pth,dmu17.txt,2,5592.0,34.411335945129395
9,SavedNetwork/20_20_1_99.pth,dmu17.txt,2,5510.0,30.533016204833984
8,SavedNetwork/20_20_1_99.pth,dmu18.txt,2,4889.0,34.368327140808105
9,SavedNetwork/20_20_1_99.pth,dmu18.txt,2,5236.0,31.842486143112183
8,SavedNetwork/20_20_1_99.pth,dmu19.txt,2,5021.0,33.55355501174927
9,SavedNetwork/20_20_1_99.pth,dmu19.txt,2,5253.0,31.502227306365967
8,SavedNetwork/20_20_1_99.pth,dmu20.txt,2,4847.0,33.10991907119751
9,SavedNetwork/20_20_1_99.pth,dmu20.txt,2,5097.0,30.436080932617188
8,SavedNetwork/20_20_1_99.pth,dmu21.txt,2,5272.0,42.74852681159973
9,SavedNetwork/20_20_1_99.pth,dmu21.txt,2,5824.0,42.21325373649597
8,SavedNetwork/20_20_1_99.pth,dmu22.txt,2,5629.0,43.125308990478516
9,SavedNetwork/20_20_1_99.pth,dmu22.txt,2,5483.0,41.78290772438049
8,SavedNetwork/20_20_1_99.pth,dmu23.txt,2,5509.0,42.3346381187439
9,SavedNetwork/20_20_1_99.pth,dmu23.txt,2,5393.0,41.4460768699646
8,SavedNetwork/20_20_1_99.pth,dmu24.txt,2,5556.0,43.80073690414429
9,SavedNetwork/20_20_1_99.pth,dmu24.txt,2,5698.0,41.8357629776001
8,SavedNetwork/20_20_1_99.pth,dmu25.txt,2,5028.0,44.636717081069946
9,SavedNetwork/20_20_1_99.pth,dmu25.txt,2,5132.0,41.50772500038147
8,SavedNetwork/20_20_1_99.pth,dmu26.txt,2,6196.0,70.32029294967651
9,SavedNetwork/20_20_1_99.pth,dmu26.txt,2,6071.0,69.20816993713379
8,SavedNetwork/20_20_1_99.pth,dmu27.txt,2,6530.0,70.6474597454071
9,SavedNetwork/20_20_1_99.pth,dmu27.txt,2,6404.0,67.40534496307373
8,SavedNetwork/20_20_1_99.pth,dmu28.txt,2,6084.0,73.54546427726746
9,SavedNetwork/20_20_1_99.pth,dmu28.txt,2,5865.0,69.1622986793518
8,SavedNetwork/20_20_1_99.pth,dmu29.txt,2,6197.0,72.85335493087769
9,SavedNetwork/20_20_1_99.pth,dmu29.txt,2,6200.0,69.27680492401123
8,SavedNetwork/20_20_1_99.pth,dmu30.txt,2,6304.0,70.72152876853943
9,SavedNetwork/20_20_1_99.pth,dmu30.txt,2,6085.0,68.13750076293945
8,SavedNetwork/20_20_1_99.pth,dmu31.txt,2,6791.0,75.85673904418945
9,SavedNetwork/20_20_1_99.pth,dmu31.txt,2,6815.0,75.18455195426941
8,SavedNetwork/20_20_1_99.pth,dmu32.txt,2,6289.0,77.85644292831421
9,SavedNetwork/20_20_1_99.pth,dmu32.txt,2,6446.0,76.5687358379364
8,SavedNetwork/20_20_1_99.pth,dmu33.txt,2,6294.0,78.18137502670288
9,SavedNetwork/20_20_1_99.pth,dmu33.txt,2,6584.0,75.57009506225586
8,SavedNetwork/20_20_1_99.pth,dmu34.txt,2,6334.0,77.73093104362488
9,SavedNetwork/20_20_1_99.pth,dmu34.txt,2,6462.0,75.3733720779419
8,SavedNetwork/20_20_1_99.pth,dmu35.txt,2,6446.0,78.98098087310791
9,SavedNetwork/20_20_1_99.pth,dmu35.txt,2,6251.0,76.58987188339233
8,SavedNetwork/20_20_1_99.pth,dmu36.txt,2,7277.0,126.44050288200378
9,SavedNetwork/20_20_1_99.pth,dmu36.txt,2,7016.0,125.47412490844727
8,SavedNetwork/20_20_1_99.pth,dmu37.txt,2,7405.0,123.98718404769897
9,SavedNetwork/20_20_1_99.pth,dmu37.txt,2,7497.0,123.9142279624939
8,SavedNetwork/20_20_1_99.pth,dmu38.txt,2,7641.0,128.40523219108582
9,SavedNetwork/20_20_1_99.pth,dmu38.txt,2,7716.0,133.14049887657166
8,SavedNetwork/20_20_1_99.pth,dmu39.txt,2,7026.0,132.4641273021698
9,SavedNetwork/20_20_1_99.pth,dmu39.txt,2,7120.0,129.12295603752136
8,SavedNetwork/20_20_1_99.pth,dmu40.txt,2,7595.0,129.301509141922
9,SavedNetwork/20_20_1_99.pth,dmu40.txt,2,7668.0,128.71639108657837
8,SavedNetwork/20_20_1_99.pth,dmu41.txt,2,4546.0,9.484508991241455
9,SavedNetwork/20_20_1_99.pth,dmu41.txt,2,4588.0,8.883955955505371
8,SavedNetwork/20_20_1_99.pth,dmu42.txt,2,4837.0,9.4170560836792
9,SavedNetwork/20_20_1_99.pth,dmu42.txt,2,5088.0,9.174836158752441
8,SavedNetwork/20_20_1_99.pth,dmu43.txt,2,4649.0,9.480538129806519
9,SavedNetwork/20_20_1_99.pth,dmu43.txt,2,4972.0,8.84667682647705
8,SavedNetwork/20_20_1_99.pth,dmu44.txt,2,5169.0,9.161929368972778
9,SavedNetwork/20_20_1_99.pth,dmu44.txt,2,4755.0,9.203752994537354
8,SavedNetwork/20_20_1_99.pth,dmu45.txt,2,4817.0,9.415298223495483
9,SavedNetwork/20_20_1_99.pth,dmu45.txt,2,4719.0,8.619613885879517
8,SavedNetwork/20_20_1_99.pth,dmu46.txt,2,5474.0,13.58129096031189
9,SavedNetwork/20_20_1_99.pth,dmu46.txt,2,5849.0,12.700294733047485
8,SavedNetwork/20_20_1_99.pth,dmu47.txt,2,5119.0,14.004054069519043
9,SavedNetwork/20_20_1_99.pth,dmu47.txt,2,5123.0,12.646400928497314
8,SavedNetwork/20_20_1_99.pth,dmu48.txt,2,4946.0,13.052235841751099
9,SavedNetwork/20_20_1_99.pth,dmu48.txt,2,5262.0,12.243319034576416
8,SavedNetwork/20_20_1_99.pth,dmu49.txt,2,5137.0,12.762030839920044
9,SavedNetwork/20_20_1_99.pth,dmu49.txt,2,5401.0,12.582653999328613
8,SavedNetwork/20_20_1_99.pth,dmu50.txt,2,5194.0,12.873396158218384
9,SavedNetwork/20_20_1_99.pth,dmu50.txt,2,5310.0,11.896898031234741
8,SavedNetwork/20_20_1_99.pth,dmu51.txt,2,6434.0,22.59263801574707
9,SavedNetwork/20_20_1_99.pth,dmu51.txt,2,6388.0,21.827677965164185
8,SavedNetwork/20_20_1_99.pth,dmu52.txt,2,6717.0,21.98242998123169
9,SavedNetwork/20_20_1_99.pth,dmu52.txt,2,6704.0,21.782625913619995
8,SavedNetwork/20_20_1_99.pth,dmu53.txt,2,6857.0,22.584206104278564
9,SavedNetwork/20_20_1_99.pth,dmu53.txt,2,6790.0,21.390385150909424
8,SavedNetwork/20_20_1_99.pth,dmu54.txt,2,6232.0,22.06745409965515
9,SavedNetwork/20_20_1_99.pth,dmu54.txt,2,5934.0,20.872843027114868
8,SavedNetwork/20_20_1_99.pth,dmu55.txt,2,6098.0,23.502645015716553
9,SavedNetwork/20_20_1_99.pth,dmu55.txt,2,6614.0,21.07857894897461
8,SavedNetwork/20_20_1_99.pth,dmu56.txt,2,7436.0,33.75998067855835
9,SavedNetwork/20_20_1_99.pth,dmu56.txt,2,7553.0,32.22684597969055
8,SavedNetwork/20_20_1_99.pth,dmu57.txt,2,6774.0,33.9825439453125
9,SavedNetwork/20_20_1_99.pth,dmu57.txt,2,6664.0,33.00558686256409
8,SavedNetwork/20_20_1_99.pth,dmu58.txt,2,6997.0,34.858635902404785
9,SavedNetwork/20_20_1_99.pth,dmu58.txt,2,6720.0,32.383188009262085
8,SavedNetwork/20_20_1_99.pth,dmu59.txt,2,7093.0,35.23248624801636
9,SavedNetwork/20_20_1_99.pth,dmu59.txt,2,8016.0,32.216777086257935
8,SavedNetwork/20_20_1_99.pth,dmu60.txt,2,7225.0,34.05428719520569
9,SavedNetwork/20_20_1_99.pth,dmu60.txt,2,6744.0,32.614617109298706
8,SavedNetwork/20_20_1_99.pth,dmu61.txt,2,8189.0,47.07268714904785
9,SavedNetwork/20_20_1_99.pth,dmu61.txt,2,8175.0,44.01408576965332
8,SavedNetwork/20_20_1_99.pth,dmu62.txt,2,8211.0,46.04171109199524
9,SavedNetwork/20_20_1_99.pth,dmu62.txt,2,7819.0,45.023618936538696
8,SavedNetwork/20_20_1_99.pth,dmu63.txt,2,8258.0,45.66155385971069
9,SavedNetwork/20_20_1_99.pth,dmu63.txt,2,8260.0,43.58970379829407
8,SavedNetwork/20_20_1_99.pth,dmu64.txt,2,8103.0,45.35888886451721
9,SavedNetwork/20_20_1_99.pth,dmu64.txt,2,8139.0,43.77286100387573
8,SavedNetwork/20_20_1_99.pth,dmu65.txt,2,8108.0,43.49544286727905
9,SavedNetwork/20_20_1_99.pth,dmu65.txt,2,7890.0,44.48705005645752
8,SavedNetwork/20_20_1_99.pth,dmu66.txt,2,8701.0,72.39297389984131
9,SavedNetwork/20_20_1_99.pth,dmu66.txt,2,8688.0,70.8749611377716
8,SavedNetwork/20_20_1_99.pth,dmu67.txt,2,8808.0,73.29202485084534
9,SavedNetwork/20_20_1_99.pth,dmu67.txt,2,8787.0,70.33026695251465
8,SavedNetwork/20_20_1_99.pth,dmu68.txt,2,8883.0,70.35472202301025
9,SavedNetwork/20_20_1_99.pth,dmu68.txt,2,8595.0,69.20558214187622
8,SavedNetwork/20_20_1_99.pth,dmu69.txt,2,8940.0,72.39898705482483
9,SavedNetwork/20_20_1_99.pth,dmu69.txt,2,8405.0,69.91168689727783
8,SavedNetwork/20_20_1_99.pth,dmu70.txt,2,8957.0,72.13775372505188
9,SavedNetwork/20_20_1_99.pth,dmu70.txt,2,8804.0,69.42695784568787
8,SavedNetwork/20_20_1_99.pth,dmu71.txt,2,10139.0,79.20970797538757
9,SavedNetwork/20_20_1_99.pth,dmu71.txt,2,9586.0,78.58021020889282
8,SavedNetwork/20_20_1_99.pth,dmu72.txt,2,10232.0,79.6978988647461
9,SavedNetwork/20_20_1_99.pth,dmu72.txt,2,10259.0,77.92371010780334
8,SavedNetwork/20_20_1_99.pth,dmu73.txt,2,10094.0,79.10228085517883
9,SavedNetwork/20_20_1_99.pth,dmu73.txt,2,10168.0,80.84663796424866
8,SavedNetwork/20_20_1_99.pth,dmu74.txt,2,9842.0,79.68413496017456
9,SavedNetwork/20_20_1_99.pth,dmu74.txt,2,9580.0,79.22895789146423
8,SavedNetwork/20_20_1_99.pth,dmu75.txt,2,9737.0,80.36459708213806
9,SavedNetwork/20_20_1_99.pth,dmu75.txt,2,9764.0,78.51952195167542
8,SavedNetwork/20_20_1_99.pth,dmu76.txt,2,10503.0,128.70407819747925
9,SavedNetwork/20_20_1_99.pth,dmu76.txt,2,10385.0,127.30806303024292
8,SavedNetwork/20_20_1_99.pth,dmu77.txt,2,10503.0,128.07823991775513
9,SavedNetwork/20_20_1_99.pth,dmu77.txt,2,10029.0,127.78387308120728
8,SavedNetwork/20_20_1_99.pth,dmu78.txt,2,10779.0,130.65094780921936
9,SavedNetwork/20_20_1_99.pth,dmu78.txt,2,10890.0,132.66646122932434
8,SavedNetwork/20_20_1_99.pth,dmu79.txt,2,10947.0,137.82873106002808
9,SavedNetwork/20_20_1_99.pth,dmu79.txt,2,11005.0,134.83675122261047
8,SavedNetwork/20_20_1_99.pth,dmu80.txt,2,10198.0,133.34390497207642
9,SavedNetwork/20_20_1_99.pth,dmu80.txt,2,9748.0,131.97487807273865
8,SavedNetwork/20_20_1_99.pth,ft06.txt,2,90.0,0.25617098808288574
9,SavedNetwork/20_20_1_99.pth,ft06.txt,2,68.0,0.24092817306518555
8,SavedNetwork/20_20_1_99.pth,ft10.txt,2,1258.0,1.1591050624847412
9,SavedNetwork/20_20_1_99.pth,ft10.txt,2,1287.0,1.35400390625
8,SavedNetwork/20_20_1_99.pth,ft20.txt,2,1610.0,2.6301229000091553
9,SavedNetwork/20_20_1_99.pth,ft20.txt,2,1647.0,2.333683967590332
8,SavedNetwork/20_20_1_99.pth,la01.txt,2,749.0,0.8174290657043457
9,SavedNetwork/20_20_1_99.pth,la01.txt,2,710.0,0.5390849113464355
8,SavedNetwork/20_20_1_99.pth,la02.txt,2,812.0,0.7006480693817139
9,SavedNetwork/20_20_1_99.pth,la02.txt,2,878.0,0.7109360694885254
8,SavedNetwork/20_20_1_99.pth,la03.txt,2,722.0,0.5869851112365723
9,SavedNetwork/20_20_1_99.pth,la03.txt,2,723.0,0.9110338687896729
8,SavedNetwork/20_20_1_99.pth,la04.txt,2,685.0,0.6342818737030029
9,SavedNetwork/20_20_1_99.pth,la04.txt,2,713.0,0.9505960941314697
8,SavedNetwork/20_20_1_99.pth,la05.txt,2,593.0,0.43683505058288574
9,SavedNetwork/20_20_1_99.pth,la05.txt,2,593.0,0.5079398155212402
8,SavedNetwork/20_20_1_99.pth,la06.txt,2,962.0,0.9775340557098389
9,SavedNetwork/20_20_1_99.pth,la06.txt,2,1056.0,1.3856511116027832
8,SavedNetwork/20_20_1_99.pth,la07.txt,2,1030.0,0.9547481536865234
9,SavedNetwork/20_20_1_99.pth,la07.txt,2,973.0,1.2335219383239746
8,SavedNetwork/20_20_1_99.pth,la08.txt,2,988.0,1.2149181365966797
9,SavedNetwork/20_20_1_99.pth,la08.txt,2,950.0,1.1262588500976562
8,SavedNetwork/20_20_1_99.pth,la09.txt,2,1041.0,0.9044249057769775
9,SavedNetwork/20_20_1_99.pth,la09.txt,2,1003.0,1.1089270114898682
8,SavedNetwork/20_20_1_99.pth,la10.txt,2,982.0,1.336271047592163
9,SavedNetwork/20_20_1_99.pth,la10.txt,2,1012.0,1.0657711029052734
8,SavedNetwork/20_20_1_99.pth,la11.txt,2,1223.0,2.449159860610962
9,SavedNetwork/20_20_1_99.pth,la11.txt,2,1285.0,1.7778270244598389
8,SavedNetwork/20_20_1_99.pth,la12.txt,2,1063.0,1.8006961345672607
9,SavedNetwork/20_20_1_99.pth,la12.txt,2,1087.0,1.7701778411865234
8,SavedNetwork/20_20_1_99.pth,la13.txt,2,1180.0,2.460875988006592
9,SavedNetwork/20_20_1_99.pth,la13.txt,2,1178.0,1.5554921627044678
8,SavedNetwork/20_20_1_99.pth,la14.txt,2,1292.0,1.8744370937347412
9,SavedNetwork/20_20_1_99.pth,la14.txt,2,1292.0,1.7771079540252686
8,SavedNetwork/20_20_1_99.pth,la15.txt,2,1498.0,2.08404278755188
9,SavedNetwork/20_20_1_99.pth,la15.txt,2,1384.0,1.6202161312103271
8,SavedNetwork/20_20_1_99.pth,la16.txt,2,1217.0,1.2250192165374756
9,SavedNetwork/20_20_1_99.pth,la16.txt,2,1137.0,1.185817003250122
8,SavedNetwork/20_20_1_99.pth,la17.txt,2,916.0,1.193342924118042
9,SavedNetwork/20_20_1_99.pth,la17.txt,2,967.0,1.1046879291534424
8,SavedNetwork/20_20_1_99.pth,la18.txt,2,1035.0,1.4369547367095947
9,SavedNetwork/20_20_1_99.pth,la18.txt,2,972.0,1.3430588245391846
8,SavedNetwork/20_20_1_99.pth,la19.txt,2,1118.0,1.5956227779388428
9,SavedNetwork/20_20_1_99.pth,la19.txt,2,1022.0,1.230961799621582
8,SavedNetwork/20_20_1_99.pth,la20.txt,2,1296.0,1.101072072982788
9,SavedNetwork/20_20_1_99.pth,la20.txt,2,1017.0,1.0063340663909912
8,SavedNetwork/20_20_1_99.pth,la21.txt,2,1290.0,2.685483932495117
9,SavedNetwork/20_20_1_99.pth,la21.txt,2,1273.0,2.6228396892547607
8,SavedNetwork/20_20_1_99.pth,la22.txt,2,1202.0,2.6172990798950195
9,SavedNetwork/20_20_1_99.pth,la22.txt,2,1247.0,2.469331979751587
8,SavedNetwork/20_20_1_99.pth,la23.txt,2,1263.0,2.7341878414154053
9,SavedNetwork/20_20_1_99.pth,la23.txt,2,1336.0,2.4881491661071777
8,SavedNetwork/20_20_1_99.pth,la24.txt,2,1184.0,2.4936978816986084
9,SavedNetwork/20_20_1_99.pth,la24.txt,2,1157.0,2.6127288341522217
8,SavedNetwork/20_20_1_99.pth,la25.txt,2,1226.0,2.7485640048980713
9,SavedNetwork/20_20_1_99.pth,la25.txt,2,1351.0,2.690263032913208
8,SavedNetwork/20_20_1_99.pth,la26.txt,2,1488.0,5.155849933624268
9,SavedNetwork/20_20_1_99.pth,la26.txt,2,1633.0,4.173372745513916
8,SavedNetwork/20_20_1_99.pth,la27.txt,2,1654.0,5.182348012924194
9,SavedNetwork/20_20_1_99.pth,la27.txt,2,1690.0,4.734308958053589
8,SavedNetwork/20_20_1_99.pth,la28.txt,2,1627.0,5.303977966308594
9,SavedNetwork/20_20_1_99.pth,la28.txt,2,1746.0,5.28269100189209
8,SavedNetwork/20_20_1_99.pth,la29.txt,2,1688.0,5.546213150024414
9,SavedNetwork/20_20_1_99.pth,la29.txt,2,1677.0,4.666018724441528
8,SavedNetwork/20_20_1_99.pth,la30.txt,2,1518.0,5.950801849365234
9,SavedNetwork/20_20_1_99.pth,la30.txt,2,1677.0,4.561622858047485
8,SavedNetwork/20_20_1_99.pth,la31.txt,2,2027.0,13.417338848114014
9,SavedNetwork/20_20_1_99.pth,la31.txt,2,2074.0,12.314854860305786
8,SavedNetwork/20_20_1_99.pth,la32.txt,2,2055.0,13.866539001464844
9,SavedNetwork/20_20_1_99.pth,la32.txt,2,2138.0,11.244223833084106
8,SavedNetwork/20_20_1_99.pth,la33.txt,2,1975.0,12.950031042098999
9,SavedNetwork/20_20_1_99.pth,la33.txt,2,2000.0,11.576989889144897
8,SavedNetwork/20_20_1_99.pth,la34.txt,2,1897.0,13.082190752029419
9,SavedNetwork/20_20_1_99.pth,la34.txt,2,2035.0,11.639205932617188
8,SavedNetwork/20_20_1_99.pth,la35.txt,2,2259.0,13.077985048294067
9,SavedNetwork/20_20_1_99.pth,la35.txt,2,2387.0,10.896460056304932
8,SavedNetwork/20_20_1_99.pth,la36.txt,2,1673.0,5.604480981826782
9,SavedNetwork/20_20_1_99.pth,la36.txt,2,1504.0,5.006062030792236
8,SavedNetwork/20_20_1_99.pth,la37.txt,2,1840.0,5.309001922607422
9,SavedNetwork/20_20_1_99.pth,la37.txt,2,1719.0,4.904293775558472
8,SavedNetwork/20_20_1_99.pth,la38.txt,2,1470.0,5.123722076416016
9,SavedNetwork/20_20_1_99.pth,la38.txt,2,1568.0,5.179025888442993
8,SavedNetwork/20_20_1_99.pth,la39.txt,2,1674.0,4.408933162689209
9,SavedNetwork/20_20_1_99.pth,la39.txt,2,1590.0,5.510061264038086
8,SavedNetwork/20_20_1_99.pth,la40.txt,2,1435.0,4.54072904586792
9,SavedNetwork/20_20_1_99.pth,la40.txt,2,1565.0,4.521559953689575
8,SavedNetwork/20_20_1_99.pth,orb01.txt,2,1268.0,1.0618441104888916
9,SavedNetwork/20_20_1_99.pth,orb01.txt,2,1284.0,1.1566188335418701
8,SavedNetwork/20_20_1_99.pth,orb02.txt,2,1123.0,1.320387840270996
9,SavedNetwork/20_20_1_99.pth,orb02.txt,2,1016.0,1.256734848022461
8,SavedNetwork/20_20_1_99.pth,orb03.txt,2,1399.0,1.3488662242889404
9,SavedNetwork/20_20_1_99.pth,orb03.txt,2,1427.0,1.0567290782928467
8,SavedNetwork/20_20_1_99.pth,orb04.txt,2,1213.0,1.0728743076324463
9,SavedNetwork/20_20_1_99.pth,orb04.txt,2,1257.0,1.0344908237457275
8,SavedNetwork/20_20_1_99.pth,orb05.txt,2,1166.0,1.1874401569366455
9,SavedNetwork/20_20_1_99.pth,orb05.txt,2,1106.0,1.2507660388946533
8,SavedNetwork/20_20_1_99.pth,orb06.txt,2,1383.0,1.2131342887878418
9,SavedNetwork/20_20_1_99.pth,orb06.txt,2,1330.0,1.1767218112945557
8,SavedNetwork/20_20_1_99.pth,orb07.txt,2,522.0,1.4449470043182373
9,SavedNetwork/20_20_1_99.pth,orb07.txt,2,510.0,1.690567970275879
8,SavedNetwork/20_20_1_99.pth,orb08.txt,2,1302.0,1.539184808731079
9,SavedNetwork/20_20_1_99.pth,orb08.txt,2,1258.0,1.0969147682189941
8,SavedNetwork/20_20_1_99.pth,orb09.txt,2,1134.0,1.2290937900543213
9,SavedNetwork/20_20_1_99.pth,orb09.txt,2,1354.0,1.5816938877105713
8,SavedNetwork/20_20_1_99.pth,orb10.txt,2,1229.0,1.1325340270996094
9,SavedNetwork/20_20_1_99.pth,orb10.txt,2,1321.0,1.3541259765625
8,SavedNetwork/20_20_1_99.pth,swv01.txt,2,2063.0,5.876339912414551
9,SavedNetwork/20_20_1_99.pth,swv01.txt,2,2013.0,4.57541298866272
8,SavedNetwork/20_20_1_99.pth,swv02.txt,2,2254.0,4.836254835128784
9,SavedNetwork/20_20_1_99.pth,swv02.txt,2,2202.0,5.763700008392334
8,SavedNetwork/20_20_1_99.pth,swv03.txt,2,1943.0,5.78181004524231
9,SavedNetwork/20_20_1_99.pth,swv03.txt,2,1957.0,5.026218414306641
8,SavedNetwork/20_20_1_99.pth,swv04.txt,2,2114.0,5.46240496635437
9,SavedNetwork/20_20_1_99.pth,swv04.txt,2,2124.0,5.0125908851623535
8,SavedNetwork/20_20_1_99.pth,swv05.txt,2,2182.0,5.052393913269043
9,SavedNetwork/20_20_1_99.pth,swv05.txt,2,2002.0,5.270997047424316
8,SavedNetwork/20_20_1_99.pth,swv06.txt,2,2489.0,9.389348030090332
9,SavedNetwork/20_20_1_99.pth,swv06.txt,2,2344.0,8.700284957885742
8,SavedNetwork/20_20_1_99.pth,swv07.txt,2,2170.0,9.10747504234314
9,SavedNetwork/20_20_1_99.pth,swv07.txt,2,2369.0,9.949820041656494
8,SavedNetwork/20_20_1_99.pth,swv08.txt,2,2525.0,9.801485061645508
9,SavedNetwork/20_20_1_99.pth,swv08.txt,2,2674.0,9.12628722190857
8,SavedNetwork/20_20_1_99.pth,swv09.txt,2,2367.0,9.539968967437744
9,SavedNetwork/20_20_1_99.pth,swv09.txt,2,2546.0,9.333778142929077
8,SavedNetwork/20_20_1_99.pth,swv10.txt,2,2521.0,9.981547832489014
9,SavedNetwork/20_20_1_99.pth,swv10.txt,2,2335.0,9.718827962875366
8,SavedNetwork/20_20_1_99.pth,swv11.txt,2,4423.0,41.28957486152649
9,SavedNetwork/20_20_1_99.pth,swv11.txt,2,4489.0,41.86067605018616
8,SavedNetwork/20_20_1_99.pth,swv12.txt,2,4651.0,40.46134567260742
9,SavedNetwork/20_20_1_99.pth,swv12.txt,2,4827.0,40.59205365180969
8,SavedNetwork/20_20_1_99.pth,swv13.txt,2,4907.0,40.95043730735779
9,SavedNetwork/20_20_1_99.pth,swv13.txt,2,5011.0,41.251477003097534
8,SavedNetwork/20_20_1_99.pth,swv14.txt,2,4569.0,42.45112991333008
9,SavedNetwork/20_20_1_99.pth,swv14.txt,2,4601.0,41.40024209022522
8,SavedNetwork/20_20_1_99.pth,swv15.txt,2,4707.0,40.99149012565613
9,SavedNetwork/20_20_1_99.pth,swv15.txt,2,4664.0,41.858970165252686
8,SavedNetwork/20_20_1_99.pth,swv16.txt,2,2946.0,39.56500220298767
9,SavedNetwork/20_20_1_99.pth,swv16.txt,2,2924.0,39.944647789001465
8,SavedNetwork/20_20_1_99.pth,swv17.txt,2,2844.0,39.93749022483826
9,SavedNetwork/20_20_1_99.pth,swv17.txt,2,2943.0,40.863956928253174
8,SavedNetwork/20_20_1_99.pth,swv18.txt,2,2991.0,39.671984910964966
9,SavedNetwork/20_20_1_99.pth,swv18.txt,2,2920.0,40.616801023483276
8,SavedNetwork/20_20_1_99.pth,swv19.txt,2,3347.0,39.567355155944824
9,SavedNetwork/20_20_1_99.pth,swv19.txt,2,3251.0,39.96367621421814
8,SavedNetwork/20_20_1_99.pth,swv20.txt,2,2860.0,41.99685978889465
9,SavedNetwork/20_20_1_99.pth,swv20.txt,2,2964.0,39.52078080177307
8,SavedNetwork/20_20_1_99.pth,ta01.txt,2,1519.0,5.134308099746704
9,SavedNetwork/20_20_1_99.pth,ta01.txt,2,1543.0,5.161200284957886
8,SavedNetwork/20_20_1_99.pth,ta02.txt,2,1641.0,4.984455347061157
9,SavedNetwork/20_20_1_99.pth,ta02.txt,2,1642.0,5.137058973312378
8,SavedNetwork/20_20_1_99.pth,ta03.txt,2,1528.0,5.027460813522339
9,SavedNetwork/20_20_1_99.pth,ta03.txt,2,1556.0,4.625375986099243
8,SavedNetwork/20_20_1_99.pth,ta04.txt,2,1487.0,4.563665151596069
9,SavedNetwork/20_20_1_99.pth,ta04.txt,2,1588.0,4.615156888961792
8,SavedNetwork/20_20_1_99.pth,ta05.txt,2,1637.0,4.525447845458984
9,SavedNetwork/20_20_1_99.pth,ta05.txt,2,1476.0,4.27060604095459
8,SavedNetwork/20_20_1_99.pth,ta06.txt,2,1566.0,4.589086294174194
9,SavedNetwork/20_20_1_99.pth,ta06.txt,2,1483.0,4.380676984786987
8,SavedNetwork/20_20_1_99.pth,ta07.txt,2,1602.0,5.012187719345093
9,SavedNetwork/20_20_1_99.pth,ta07.txt,2,1632.0,5.09917426109314
8,SavedNetwork/20_20_1_99.pth,ta08.txt,2,1615.0,4.451565980911255
9,SavedNetwork/20_20_1_99.pth,ta08.txt,2,1590.0,5.447225093841553
8,SavedNetwork/20_20_1_99.pth,ta09.txt,2,1793.0,5.194055795669556
9,SavedNetwork/20_20_1_99.pth,ta09.txt,2,1663.0,4.869464874267578
8,SavedNetwork/20_20_1_99.pth,ta10.txt,2,1668.0,5.6294169425964355
9,SavedNetwork/20_20_1_99.pth,ta10.txt,2,1583.0,4.89901328086853
8,SavedNetwork/20_20_1_99.pth,ta11.txt,2,1764.0,9.033830881118774
9,SavedNetwork/20_20_1_99.pth,ta11.txt,2,1893.0,8.244348049163818
8,SavedNetwork/20_20_1_99.pth,ta12.txt,2,1859.0,9.422406196594238
9,SavedNetwork/20_20_1_99.pth,ta12.txt,2,1734.0,8.143085956573486
8,SavedNetwork/20_20_1_99.pth,ta13.txt,2,1721.0,9.108701944351196
9,SavedNetwork/20_20_1_99.pth,ta13.txt,2,1820.0,9.228353023529053
8,SavedNetwork/20_20_1_99.pth,ta14.txt,2,1688.0,8.830502986907959
9,SavedNetwork/20_20_1_99.pth,ta14.txt,2,1828.0,7.991397857666016
8,SavedNetwork/20_20_1_99.pth,ta15.txt,2,1929.0,9.017490863800049
9,SavedNetwork/20_20_1_99.pth,ta15.txt,2,1780.0,8.821890830993652
8,SavedNetwork/20_20_1_99.pth,ta16.txt,2,1782.0,9.229734182357788
9,SavedNetwork/20_20_1_99.pth,ta16.txt,2,2119.0,8.89612603187561
8,SavedNetwork/20_20_1_99.pth,ta17.txt,2,2137.0,9.026868104934692
9,SavedNetwork/20_20_1_99.pth,ta17.txt,2,1996.0,9.194784164428711
8,SavedNetwork/20_20_1_99.pth,ta18.txt,2,1754.0,9.629647970199585
9,SavedNetwork/20_20_1_99.pth,ta18.txt,2,1795.0,8.636504650115967
8,SavedNetwork/20_20_1_99.pth,ta19.txt,2,1827.0,9.209228992462158
9,SavedNetwork/20_20_1_99.pth,ta19.txt,2,1786.0,9.339547157287598
8,SavedNetwork/20_20_1_99.pth,ta20.txt,2,1771.0,9.218064785003662
9,SavedNetwork/20_20_1_99.pth,ta20.txt,2,1820.0,8.984130144119263
8,SavedNetwork/20_20_1_99.pth,ta21.txt,2,2102.0,13.09951376914978
9,SavedNetwork/20_20_1_99.pth,ta21.txt,2,2085.0,12.976549863815308
8,SavedNetwork/20_20_1_99.pth,ta22.txt,2,2072.0,13.213830947875977
9,SavedNetwork/20_20_1_99.pth,ta22.txt,2,2154.0,11.829708099365234
8,SavedNetwork/20_20_1_99.pth,ta23.txt,2,2023.0,13.429167032241821
9,SavedNetwork/20_20_1_99.pth,ta23.txt,2,2140.0,11.817666053771973
8,SavedNetwork/20_20_1_99.pth,ta24.txt,2,2551.0,13.493847131729126
9,SavedNetwork/20_20_1_99.pth,ta24.txt,2,2313.0,12.27363896369934
8,SavedNetwork/20_20_1_99.pth,ta25.txt,2,2125.0,13.322970151901245
9,SavedNetwork/20_20_1_99.pth,ta25.txt,2,2226.0,12.154874086380005
8,SavedNetwork/20_20_1_99.pth,ta26.txt,2,2131.0,13.07009768486023
9,SavedNetwork/20_20_1_99.pth,ta26.txt,2,2143.0,12.596184015274048
8,SavedNetwork/20_20_1_99.pth,ta27.txt,2,2033.0,13.336344242095947
9,SavedNetwork/20_20_1_99.pth,ta27.txt,2,2169.0,12.595752000808716
8,SavedNetwork/20_20_1_99.pth,ta28.txt,2,2085.0,13.235162258148193
9,SavedNetwork/20_20_1_99.pth,ta28.txt,2,2194.0,12.462689876556396
8,SavedNetwork/20_20_1_99.pth,ta29.txt,2,1976.0,13.194017887115479
9,SavedNetwork/20_20_1_99.pth,ta29.txt,2,2338.0,12.763376951217651
8,SavedNetwork/20_20_1_99.pth,ta30.txt,2,2046.0,12.563796997070312
9,SavedNetwork/20_20_1_99.pth,ta30.txt,2,2184.0,12.785753965377808
8,SavedNetwork/20_20_1_99.pth,ta31.txt,2,2289.0,20.86150074005127
9,SavedNetwork/20_20_1_99.pth,ta31.txt,2,2504.0,19.678789854049683
8,SavedNetwork/20_20_1_99.pth,ta32.txt,2,2647.0,21.060725212097168
9,SavedNetwork/20_20_1_99.pth,ta32.txt,2,2455.0,18.45934009552002
8,SavedNetwork/20_20_1_99.pth,ta33.txt,2,2376.0,22.7655029296875
9,SavedNetwork/20_20_1_99.pth,ta33.txt,2,2381.0,17.810368061065674
8,SavedNetwork/20_20_1_99.pth,ta34.txt,2,2492.0,22.297539949417114
9,SavedNetwork/20_20_1_99.pth,ta34.txt,2,2430.0,19.329500913619995
8,SavedNetwork/20_20_1_99.pth,ta35.txt,2,2446.0,21.061284065246582
9,SavedNetwork/20_20_1_99.pth,ta35.txt,2,2457.0,19.384371995925903
8,SavedNetwork/20_20_1_99.pth,ta36.txt,2,2387.0,22.14243221282959
9,SavedNetwork/20_20_1_99.pth,ta36.txt,2,2555.0,20.637709856033325
8,SavedNetwork/20_20_1_99.pth,ta37.txt,2,2316.0,21.99176001548767
9,SavedNetwork/20_20_1_99.pth,ta37.txt,2,2369.0,19.88246488571167
8,SavedNetwork/20_20_1_99.pth,ta38.txt,2,2308.0,22.325777292251587
9,SavedNetwork/20_20_1_99.pth,ta38.txt,2,2295.0,19.641634941101074
8,SavedNetwork/20_20_1_99.pth,ta39.txt,2,2321.0,21.819075107574463
9,SavedNetwork/20_20_1_99.pth,ta39.txt,2,2452.0,19.830165147781372
8,SavedNetwork/20_20_1_99.pth,ta40.txt,2,2214.0,22.407289028167725
9,SavedNetwork/20_20_1_99.pth,ta40.txt,2,2438.0,19.230371236801147
8,SavedNetwork/20_20_1_99.pth,ta41.txt,2,2739.0,33.392823219299316
9,SavedNetwork/20_20_1_99.pth,ta41.txt,2,2946.0,30.06219172477722
8,SavedNetwork/20_20_1_99.pth,ta42.txt,2,2663.0,32.89950203895569
9,SavedNetwork/20_20_1_99.pth,ta42.txt,2,2749.0,31.05983591079712
8,SavedNetwork/20_20_1_99.pth,ta43.txt,2,2541.0,33.75171995162964
9,SavedNetwork/20_20_1_99.pth,ta43.txt,2,2707.0,31.690780878067017
8,SavedNetwork/20_20_1_99.pth,ta44.txt,2,2681.0,33.39920520782471
9,SavedNetwork/20_20_1_99.pth,ta44.txt,2,2834.0,31.428361892700195
8,SavedNetwork/20_20_1_99.pth,ta45.txt,2,2669.0,34.12966704368591
9,SavedNetwork/20_20_1_99.pth,ta45.txt,2,2672.0,30.452265977859497
8,SavedNetwork/20_20_1_99.pth,ta46.txt,2,2760.0,34.57930588722229
9,SavedNetwork/20_20_1_99.pth,ta46.txt,2,2799.0,29.932729721069336
8,SavedNetwork/20_20_1_99.pth,ta47.txt,2,2583.0,34.57341003417969
9,SavedNetwork/20_20_1_99.pth,ta47.txt,2,2771.0,29.82484197616577
8,SavedNetwork/20_20_1_99.pth,ta48.txt,2,2590.0,34.121543169021606
9,SavedNetwork/20_20_1_99.pth,ta48.txt,2,2658.0,31.050322771072388
8,SavedNetwork/20_20_1_99.pth,ta49.txt,2,2719.0,33.336103200912476
9,SavedNetwork/20_20_1_99.pth,ta49.txt,2,2639.0,30.596245050430298
8,SavedNetwork/20_20_1_99.pth,ta50.txt,2,2641.0,33.355223178863525
9,SavedNetwork/20_20_1_99.pth,ta50.txt,2,2718.0,30.793540239334106
8,SavedNetwork/20_20_1_99.pth,ta51.txt,2,3500.0,77.86608004570007
9,SavedNetwork/20_20_1_99.pth,ta51.txt,2,3694.0,73.98415112495422
8,SavedNetwork/20_20_1_99.pth,ta52.txt,2,3487.0,76.9323832988739
9,SavedNetwork/20_20_1_99.pth,ta52.txt,2,3356.0,76.19769597053528
8,SavedNetwork/20_20_1_99.pth,ta53.txt,2,3143.0,76.12419891357422
9,SavedNetwork/20_20_1_99.pth,ta53.txt,2,3264.0,75.72035479545593
8,SavedNetwork/20_20_1_99.pth,ta54.txt,2,3206.0,76.7982542514801
9,SavedNetwork/20_20_1_99.pth,ta54.txt,2,3207.0,75.80384802818298
8,SavedNetwork/20_20_1_99.pth,ta55.txt,2,3285.0,76.78480195999146
9,SavedNetwork/20_20_1_99.pth,ta55.txt,2,3325.0,74.58523392677307
8,SavedNetwork/20_20_1_99.pth,ta56.txt,2,3330.0,76.47467875480652
9,SavedNetwork/20_20_1_99.pth,ta56.txt,2,3269.0,75.44685316085815
8,SavedNetwork/20_20_1_99.pth,ta57.txt,2,3448.0,76.74748587608337
9,SavedNetwork/20_20_1_99.pth,ta57.txt,2,3433.0,76.0783531665802
8,SavedNetwork/20_20_1_99.pth,ta58.txt,2,3592.0,75.9603500366211
9,SavedNetwork/20_20_1_99.pth,ta58.txt,2,3495.0,72.74530792236328
8,SavedNetwork/20_20_1_99.pth,ta59.txt,2,3353.0,73.25662684440613
9,SavedNetwork/20_20_1_99.pth,ta59.txt,2,3417.0,72.48876428604126
8,SavedNetwork/20_20_1_99.pth,ta60.txt,2,3164.0,75.00337314605713
9,SavedNetwork/20_20_1_99.pth,ta60.txt,2,3192.0,72.03280091285706
8,SavedNetwork/20_20_1_99.pth,ta61.txt,2,3723.0,121.00655221939087
9,SavedNetwork/20_20_1_99.pth,ta61.txt,2,3606.0,119.78402924537659
8,SavedNetwork/20_20_1_99.pth,ta62.txt,2,3568.0,120.85253691673279
9,SavedNetwork/20_20_1_99.pth,ta62.txt,2,3606.0,117.72407293319702
8,SavedNetwork/20_20_1_99.pth,ta63.txt,2,3292.0,122.30752491950989
9,SavedNetwork/20_20_1_99.pth,ta63.txt,2,3476.0,119.89236402511597
8,SavedNetwork/20_20_1_99.pth,ta64.txt,2,3459.0,121.11255192756653
9,SavedNetwork/20_20_1_99.pth,ta64.txt,2,3490.0,117.95461916923523
8,SavedNetwork/20_20_1_99.pth,ta65.txt,2,3540.0,119.05408787727356
9,SavedNetwork/20_20_1_99.pth,ta65.txt,2,3561.0,117.7349739074707
8,SavedNetwork/20_20_1_99.pth,ta66.txt,2,3515.0,118.50877809524536
9,SavedNetwork/20_20_1_99.pth,ta66.txt,2,3698.0,117.67694807052612
8,SavedNetwork/20_20_1_99.pth,ta67.txt,2,3722.0,121.44179797172546
9,SavedNetwork/20_20_1_99.pth,ta67.txt,2,3674.0,117.82113122940063
8,SavedNetwork/20_20_1_99.pth,ta68.txt,2,3338.0,117.69464898109436
9,SavedNetwork/20_20_1_99.pth,ta68.txt,2,3381.0,115.937744140625
8,SavedNetwork/20_20_1_99.pth,ta69.txt,2,3728.0,116.94664597511292
9,SavedNetwork/20_20_1_99.pth,ta69.txt,2,3726.0,117.64792108535767
8,SavedNetwork/20_20_1_99.pth,ta70.txt,2,3798.0,117.4951560497284
9,SavedNetwork/20_20_1_99.pth,ta70.txt,2,3851.0,116.41174721717834
8,SavedNetwork/20_20_1_99.pth,ta71.txt,2,6290.0,858.4074921607971
9,SavedNetwork/20_20_1_99.pth,ta71.txt,2,6283.0,880.979968547821
8,SavedNetwork/20_20_1_99.pth,ta72.txt,2,6020.0,860.4691178798676
9,SavedNetwork/20_20_1_99.pth,ta72.txt,2,5774.0,876.131893157959
